rank,file,t_sec,score,U,A,D,n_boxes,n_ambiguous,empty,selected
1,frame_0069.jpg,27.6,0.8193,0.7886,0.75,1.0,9,6,False,True
2,frame_0070.jpg,28.0,0.7845,0.869,0.5,1.0,8,4,False,False
3,frame_0002.jpg,0.8,0.7732,0.6214,0.875,1.0,9,7,False,True
4,frame_0031.jpg,12.4,0.7603,0.7456,0.625,1.0,8,5,False,True
5,frame_0126.jpg,50.4,0.7283,0.7026,0.75,0.76,8,6,False,True
6,frame_0124.jpg,49.6,0.7008,0.8296,0.5,0.68,6,4,False,False
7,frame_0127.jpg,50.8,0.6965,0.698,0.625,0.8,8,5,False,False
8,frame_0231.jpg,92.4,0.6918,0.8696,0.75,0.16,8,6,False,True
9,frame_0328.jpg,131.2,0.6904,0.7488,1.0,0.08,13,8,False,True
10,frame_0067.jpg,26.8,0.6849,0.5949,0.625,1.0,8,5,False,False
11,frame_0297.jpg,118.8,0.6847,0.7544,0.625,0.6,8,5,False,True
12,frame_0307.jpg,122.8,0.6836,0.6872,1.0,0.2,10,8,False,True
13,frame_0033.jpg,13.2,0.682,0.6639,0.5,1.0,9,4,False,False
14,frame_0377.jpg,150.8,0.6692,0.7654,0.875,0.12,12,7,False,True
15,frame_0068.jpg,27.2,0.6673,0.5595,0.625,1.0,7,5,False,False
16,frame_0073.jpg,29.2,0.6672,0.7093,0.375,1.0,7,3,False,False
17,frame_0030.jpg,12.0,0.6633,0.6266,0.5,1.0,7,4,False,False
18,frame_0378.jpg,151.2,0.6633,0.7696,0.875,0.08,10,7,False,False
19,frame_0367.jpg,146.8,0.6508,0.8197,0.75,0.08,9,6,False,True
20,frame_0292.jpg,116.8,0.6491,0.7532,0.375,0.8,8,3,False,True
21,frame_0015.jpg,6.0,0.6488,0.6727,0.375,1.0,6,3,False,True
22,frame_0230.jpg,92.0,0.648,0.7229,0.875,0.12,11,7,False,False
23,frame_0077.jpg,30.8,0.6465,0.6409,0.5,0.88,9,4,False,False
24,frame_0004.jpg,1.6,0.6463,0.5927,0.5,1.0,8,4,False,False
25,frame_0388.jpg,155.2,0.642,0.77,0.75,0.16,9,6,False,False
26,frame_0298.jpg,119.2,0.6416,0.7592,0.5,0.56,6,4,False,False
27,frame_0000.jpg,0.0,0.6396,0.6541,0.375,1.0,11,3,False,False
28,frame_0003.jpg,1.2,0.6393,0.5036,0.625,1.0,8,5,False,False
29,frame_0005.jpg,2.0,0.6367,0.6484,0.375,1.0,6,3,False,False
30,frame_0114.jpg,45.6,0.6325,0.7031,0.75,0.28,7,6,False,False
31,frame_0301.jpg,120.4,0.6274,0.7038,0.625,0.44,6,5,False,False
32,frame_0116.jpg,46.4,0.6245,0.6551,0.75,0.36,9,6,False,False
33,frame_0032.jpg,12.8,0.6243,0.5487,0.5,1.0,7,4,False,False
34,frame_0375.jpg,150.0,0.6241,0.7932,0.625,0.2,11,5,False,False
35,frame_0018.jpg,7.2,0.622,0.5441,0.5,1.0,7,4,False,False
36,frame_0169.jpg,67.6,0.6201,0.7322,0.5,0.52,8,4,False,False
37,frame_0072.jpg,28.8,0.6175,0.6849,0.25,1.0,8,2,False,False
38,frame_0016.jpg,6.4,0.6163,0.4577,0.625,1.0,7,5,False,False
39,frame_0019.jpg,7.6,0.6159,0.6818,0.25,1.0,2,2,False,False
40,frame_0074.jpg,29.6,0.6156,0.6061,0.375,1.0,8,3,False,False
41,frame_0122.jpg,48.8,0.6149,0.9149,0.125,0.6,3,1,False,False
42,frame_0309.jpg,123.6,0.6144,0.8808,0.5,0.12,8,4,False,False
43,frame_0071.jpg,28.4,0.614,0.603,0.375,1.0,7,3,False,False
44,frame_0321.jpg,128.4,0.6132,0.6213,0.875,0.2,7,7,False,False
45,frame_0125.jpg,50.0,0.6131,0.6383,0.5,0.72,8,4,False,False
46,frame_0368.jpg,147.2,0.6078,0.8245,0.625,0.04,11,5,False,False
47,frame_0322.jpg,128.8,0.6075,0.7759,0.625,0.16,8,5,False,False
48,frame_0389.jpg,155.6,0.6073,0.7166,0.75,0.12,10,6,False,False
49,frame_0132.jpg,52.8,0.6061,0.5123,0.5,1.0,6,4,False,False
50,frame_0075.jpg,30.0,0.6042,0.5995,0.375,0.96,7,3,False,False
51,frame_0008.jpg,3.2,0.601,0.7271,0.125,1.0,3,1,False,False
52,frame_0128.jpg,51.2,0.6008,0.6407,0.375,0.84,6,3,False,False
53,frame_0007.jpg,2.8,0.6005,0.5761,0.375,1.0,6,3,False,False
54,frame_0029.jpg,11.6,0.5983,0.6466,0.25,1.0,6,2,False,False
55,frame_0133.jpg,53.2,0.5966,0.5681,0.375,1.0,8,3,False,False
56,frame_0078.jpg,31.2,0.5946,0.5532,0.5,0.84,6,4,False,False
57,frame_0001.jpg,0.4,0.5894,0.7037,0.125,1.0,10,1,False,False
58,frame_0129.jpg,51.6,0.5885,0.675,0.25,0.88,8,2,False,False
59,frame_0170.jpg,68.0,0.5884,0.6848,0.5,0.48,8,4,False,False
60,frame_0080.jpg,32.0,0.5803,0.4815,0.625,0.76,5,5,False,False
61,frame_0370.jpg,148.0,0.5787,0.7664,0.625,0.04,11,5,False,False
62,frame_0089.jpg,35.6,0.5749,0.6148,0.625,0.4,7,5,False,False
63,frame_0285.jpg,114.0,0.5724,0.6799,0.375,0.6,5,3,False,False
64,frame_0386.jpg,154.4,0.5702,0.7443,0.5,0.24,9,4,False,False
65,frame_0098.jpg,39.2,0.568,0.745,0.625,0.04,7,5,False,False
66,frame_0079.jpg,31.6,0.5673,0.7395,0.125,0.8,9,1,False,False
67,frame_0167.jpg,66.8,0.5655,0.5909,0.5,0.6,5,4,False,False
68,frame_0374.jpg,149.6,0.5617,0.6685,0.625,0.2,10,5,False,False
69,frame_0280.jpg,112.0,0.5576,0.8052,0.25,0.4,6,2,False,False
70,frame_0291.jpg,116.4,0.5576,0.5543,0.375,0.84,6,3,False,False
71,frame_0115.jpg,46.0,0.5575,0.612,0.625,0.32,7,5,False,False
72,frame_0177.jpg,70.8,0.5575,0.735,0.5,0.2,7,4,False,False
73,frame_0278.jpg,111.2,0.5569,0.8358,0.25,0.32,9,2,False,False
74,frame_0017.jpg,6.8,0.5568,0.4885,0.375,1.0,6,3,False,False
75,frame_0275.jpg,110.0,0.5551,0.7302,0.5,0.2,8,4,False,False
76,frame_0295.jpg,118.0,0.554,0.686,0.25,0.68,7,2,False,False
77,frame_0329.jpg,131.6,0.5522,0.7723,0.5,0.08,12,4,False,False
78,frame_0175.jpg,70.0,0.5521,0.6922,0.5,0.28,7,4,False,False
79,frame_0221.jpg,88.4,0.5505,0.555,0.75,0.24,8,6,False,False
80,frame_0028.jpg,11.2,0.5502,0.4755,0.375,1.0,5,3,False,False
81,frame_0105.jpg,42.0,0.5483,0.7645,0.5,0.08,8,4,False,False
82,frame_0332.jpg,132.8,0.5481,0.7801,0.5,0.04,8,4,False,False
83,frame_0274.jpg,109.6,0.5452,0.8013,0.375,0.16,7,3,False,False
84,frame_0306.jpg,122.4,0.5444,0.6929,0.5,0.24,7,4,False,False
85,frame_0379.jpg,151.6,0.5434,0.6959,0.625,0.04,12,5,False,False
86,frame_0308.jpg,123.2,0.5433,0.7225,0.5,0.16,8,4,False,False
87,frame_0397.jpg,158.8,0.5425,0.7799,0.375,0.2,8,3,False,False
88,frame_0330.jpg,132.0,0.5356,0.9052,0.25,0.04,12,2,False,False
89,frame_0294.jpg,117.6,0.5353,0.6326,0.25,0.72,5,2,False,False
90,frame_0011.jpg,4.4,0.5314,0.5128,0.25,1.0,4,2,False,False
91,frame_0010.jpg,4.0,0.531,0.5119,0.25,1.0,3,2,False,False
92,frame_0225.jpg,90.0,0.5264,0.7208,0.5,0.08,6,4,False,False
93,frame_0304.jpg,121.6,0.5254,0.6228,0.5,0.32,6,4,False,False
94,frame_0302.jpg,120.8,0.5225,0.51,0.625,0.4,6,5,False,False
95,frame_0171.jpg,68.4,0.5223,0.6436,0.375,0.44,8,3,False,False
96,frame_0113.jpg,45.2,0.5222,0.6484,0.5,0.24,6,4,False,False
97,frame_0373.jpg,149.2,0.5212,0.6783,0.5,0.16,10,4,False,False
98,frame_0290.jpg,116.0,0.5208,0.4966,0.375,0.8,7,3,False,False
99,frame_0276.jpg,110.4,0.5174,0.7139,0.375,0.24,10,3,False,False
100,frame_0288.jpg,115.2,0.5169,0.5208,0.375,0.72,9,3,False,False
101,frame_0188.jpg,75.2,0.5166,0.7172,0.5,0.04,9,4,False,False
102,frame_0233.jpg,93.2,0.515,0.634,0.5,0.24,7,4,False,False
103,frame_0021.jpg,8.4,0.5141,0.4033,0.375,1.0,6,3,False,False
104,frame_0319.jpg,127.6,0.5141,0.6162,0.5,0.28,11,4,False,False
105,frame_0296.jpg,118.4,0.5133,0.5457,0.375,0.64,6,3,False,False
106,frame_0299.jpg,119.6,0.5133,0.6686,0.25,0.52,7,2,False,False
107,frame_0076.jpg,30.4,0.5125,0.582,0.125,0.92,7,1,False,False
108,frame_0014.jpg,5.6,0.5113,0.3976,0.375,1.0,5,3,False,False
109,frame_0305.jpg,122.0,0.5057,0.5993,0.5,0.28,6,4,False,False
110,frame_0083.jpg,33.2,0.5054,0.6048,0.25,0.64,3,2,False,False
111,frame_0293.jpg,117.2,0.504,0.554,0.25,0.76,7,2,False,False
112,frame_0209.jpg,83.6,0.502,0.6409,0.125,0.72,3,1,False,False
113,frame_0317.jpg,126.8,0.5013,0.6226,0.5,0.2,9,4,False,False
114,frame_0027.jpg,10.8,0.5012,0.4524,0.25,1.0,7,2,False,False
115,frame_0090.jpg,36.0,0.5004,0.6318,0.375,0.36,7,3,False,False
116,frame_0277.jpg,110.8,0.5,0.5881,0.5,0.28,9,4,False,False
117,frame_0168.jpg,67.2,0.4998,0.7005,0.125,0.56,6,1,False,False
118,frame_0081.jpg,32.4,0.4992,0.4104,0.5,0.72,6,4,False,False
119,frame_0179.jpg,71.6,0.4984,0.6488,0.5,0.12,8,4,False,False
120,frame_0210.jpg,84.0,0.4982,0.5744,0.25,0.68,4,2,False,False
121,frame_0009.jpg,3.6,0.4979,0.4457,0.25,1.0,2,2,False,False
122,frame_0006.jpg,2.4,0.4968,0.4436,0.25,1.0,5,2,False,False
123,frame_0390.jpg,156.0,0.4956,0.7342,0.375,0.08,10,3,False,False
124,frame_0284.jpg,113.6,0.4928,0.6115,0.25,0.56,5,2,False,False
125,frame_0286.jpg,114.4,0.4909,0.5758,0.25,0.64,7,2,False,False
126,frame_0391.jpg,156.4,0.4875,0.7341,0.375,0.04,8,3,False,False
127,frame_0013.jpg,5.2,0.4869,0.4239,0.25,1.0,4,2,False,False
128,frame_0096.jpg,38.4,0.4853,0.7725,0.25,0.12,7,2,False,False
129,frame_0203.jpg,81.2,0.4838,0.4865,0.375,0.64,4,3,False,False
130,frame_0395.jpg,158.0,0.4834,0.5437,0.625,0.12,7,5,False,False
131,frame_0184.jpg,73.6,0.4811,0.7052,0.375,0.08,7,3,False,False
132,frame_0193.jpg,77.2,0.4806,0.4902,0.625,0.24,6,5,False,False
133,frame_0084.jpg,33.6,0.4798,0.5697,0.25,0.6,2,2,False,False
134,frame_0176.jpg,70.4,0.4759,0.6309,0.375,0.24,8,3,False,False
135,frame_0202.jpg,80.8,0.4748,0.4846,0.375,0.6,5,3,False,False
136,frame_0303.jpg,121.2,0.4747,0.5804,0.375,0.36,6,3,False,False
137,frame_0318.jpg,127.2,0.4721,0.6982,0.25,0.24,9,2,False,False
138,frame_0376.jpg,150.4,0.4708,0.7277,0.25,0.16,10,2,False,False
139,frame_0316.jpg,126.4,0.4707,0.5774,0.5,0.16,9,4,False,False
140,frame_0214.jpg,85.6,0.4696,0.5811,0.25,0.52,3,2,False,False
141,frame_0218.jpg,87.2,0.4694,0.6447,0.25,0.36,3,2,False,False
142,frame_0387.jpg,154.8,0.4682,0.7814,0.125,0.2,9,1,False,False
143,frame_0181.jpg,72.4,0.4677,0.5443,0.625,0.04,7,5,False,False
144,frame_0191.jpg,76.4,0.4674,0.6458,0.375,0.16,5,3,False,False
145,frame_0384.jpg,153.6,0.4674,0.6458,0.375,0.16,6,3,False,False
146,frame_0232.jpg,92.8,0.466,0.627,0.375,0.2,10,3,False,False
147,frame_0333.jpg,133.2,0.4656,0.6742,0.375,0.08,10,3,False,False
148,frame_0130.jpg,52.0,0.4645,0.486,0.125,0.92,6,1,False,False
149,frame_0273.jpg,109.2,0.4638,0.6546,0.375,0.12,7,3,False,False
150,frame_0229.jpg,91.6,0.4636,0.5952,0.5,0.08,9,4,False,False
151,frame_0300.jpg,120.0,0.4634,0.5847,0.25,0.48,7,2,False,False
152,frame_0383.jpg,153.2,0.463,0.653,0.375,0.12,8,3,False,False
153,frame_0095.jpg,38.0,0.4609,0.6329,0.375,0.16,7,3,False,False
154,frame_0131.jpg,52.4,0.4597,0.3855,0.25,0.96,5,2,False,False
155,frame_0320.jpg,128.0,0.4597,0.5234,0.5,0.24,7,4,False,False
156,frame_0325.jpg,130.0,0.4584,0.5258,0.625,0.04,11,5,False,False
157,frame_0185.jpg,74.0,0.451,0.6449,0.375,0.08,9,3,False,False
158,frame_0396.jpg,158.4,0.4489,0.6088,0.375,0.16,8,3,False,False
159,frame_0097.jpg,38.8,0.448,0.6389,0.375,0.08,8,3,False,False
160,frame_0174.jpg,69.6,0.4471,0.5412,0.375,0.32,9,3,False,False
161,frame_0186.jpg,74.4,0.447,0.653,0.375,0.04,9,3,False,False
162,frame_0026.jpg,10.4,0.4464,0.3428,0.25,1.0,6,2,False,False
163,frame_0287.jpg,114.8,0.4455,0.4689,0.25,0.68,7,2,False,False
164,frame_0283.jpg,113.2,0.4411,0.4492,0.375,0.52,5,3,False,False
165,frame_0120.jpg,48.0,0.4408,0.3736,0.5,0.52,6,4,False,False
166,frame_0173.jpg,69.2,0.4406,0.6622,0.125,0.36,7,1,False,False
167,frame_0087.jpg,34.8,0.4394,0.6118,0.125,0.48,5,1,False,False
168,frame_0310.jpg,124.0,0.4392,0.6214,0.375,0.08,6,3,False,False
169,frame_0371.jpg,148.4,0.4389,0.5458,0.5,0.08,11,4,False,False
170,frame_0399.jpg,159.6,0.433,0.529,0.375,0.28,8,3,False,False
171,frame_0385.jpg,154.0,0.4326,0.6353,0.25,0.2,8,2,False,False
172,frame_0279.jpg,111.6,0.4325,0.6461,0.125,0.36,7,1,False,False
173,frame_0205.jpg,82.0,0.4306,0.4233,0.25,0.72,3,2,False,False
174,frame_0088.jpg,35.2,0.429,0.457,0.375,0.44,7,3,False,False
175,frame_0180.jpg,72.0,0.4272,0.5224,0.5,0.08,7,4,False,False
176,frame_0106.jpg,42.4,0.4264,0.6118,0.375,0.04,7,3,False,False
177,frame_0117.jpg,46.8,0.4259,0.5417,0.25,0.4,8,2,False,False
178,frame_0012.jpg,4.8,0.4248,0.3745,0.125,1.0,3,1,False,False
179,frame_0268.jpg,107.2,0.4227,0.5134,0.5,0.08,7,4,False,False
180,frame_0204.jpg,81.6,0.4178,0.4137,0.25,0.68,4,2,False,False
181,frame_0372.jpg,148.8,0.4166,0.5602,0.375,0.12,11,3,False,False
182,frame_0183.jpg,73.2,0.4146,0.7383,0.125,0.04,5,1,False,False
183,frame_0267.jpg,106.8,0.4122,0.4764,0.5,0.12,6,4,False,False
184,frame_0085.jpg,34.0,0.4094,0.4448,0.25,0.56,6,2,False,False
185,frame_0123.jpg,49.2,0.4081,0.4852,0.125,0.64,5,1,False,False
186,frame_0398.jpg,159.2,0.4079,0.6449,0.125,0.24,8,1,False,False
187,frame_0108.jpg,43.2,0.4074,0.4239,0.625,0.04,9,5,False,False
188,frame_0327.jpg,130.8,0.4061,0.6461,0.25,0.04,13,2,False,False
189,frame_0215.jpg,86.0,0.3977,0.3785,0.375,0.48,7,3,False,False
190,frame_0223.jpg,89.2,0.3967,0.5044,0.375,0.16,7,3,False,False
191,frame_0315.jpg,126.0,0.3958,0.5936,0.25,0.12,7,2,False,False
192,frame_0282.jpg,112.8,0.3938,0.4456,0.25,0.48,6,2,False,False
193,frame_0201.jpg,80.4,0.3937,0.4134,0.25,0.56,4,2,False,False
194,frame_0222.jpg,88.8,0.3937,0.4824,0.375,0.2,6,3,False,False
195,frame_0023.jpg,9.2,0.3935,0.3119,0.125,1.0,5,1,False,False
196,frame_0323.jpg,129.2,0.391,0.5089,0.375,0.12,7,3,False,False
197,frame_0086.jpg,34.4,0.3894,0.4208,0.25,0.52,6,2,False,False
198,frame_0094.jpg,37.6,0.3894,0.4738,0.375,0.2,7,3,False,False
199,frame_0206.jpg,82.4,0.3891,0.3991,0.125,0.76,4,1,False,False
200,frame_0172.jpg,68.8,0.3881,0.4663,0.25,0.4,7,2,False,False
201,frame_0103.jpg,41.2,0.3877,0.4863,0.375,0.16,5,3,False,False
202,frame_0311.jpg,124.4,0.3838,0.5267,0.375,0.04,7,3,False,False
203,frame_0082.jpg,32.8,0.3815,0.341,0.25,0.68,6,2,False,False
204,frame_0178.jpg,71.2,0.3786,0.4682,0.375,0.16,7,3,False,False
205,frame_0217.jpg,86.8,0.378,0.4461,0.25,0.4,5,2,False,False
206,frame_0109.jpg,43.6,0.3769,0.4967,0.375,0.08,9,3,False,False
207,frame_0212.jpg,84.8,0.3769,0.3638,0.25,0.6,4,2,False,False
208,frame_0020.jpg,8.0,0.3754,0.2758,0.125,1.0,4,1,False,False
209,frame_0121.jpg,48.4,0.3721,0.3702,0.25,0.56,5,2,False,False
210,frame_0101.jpg,40.4,0.3696,0.4822,0.375,0.08,8,3,False,False
211,frame_0110.jpg,44.0,0.3681,0.3883,0.5,0.12,5,4,False,False
212,frame_0208.jpg,83.2,0.3651,0.3512,0.125,0.76,4,1,False,False
213,frame_0382.jpg,152.8,0.3636,0.5451,0.25,0.08,8,2,False,False
214,frame_0022.jpg,8.8,0.363,0.251,0.125,1.0,4,1,False,False
215,frame_0196.jpg,78.4,0.3622,0.4304,0.25,0.36,2,2,False,False
216,frame_0281.jpg,112.4,0.3613,0.3965,0.25,0.44,8,2,False,False
217,frame_0220.jpg,88.0,0.3603,0.4585,0.25,0.28,5,2,False,False
218,frame_0219.jpg,87.6,0.3592,0.3653,0.375,0.32,5,3,False,False
219,frame_0192.jpg,76.8,0.3571,0.4093,0.375,0.2,5,3,False,False
220,frame_0195.jpg,78.0,0.3533,0.4287,0.25,0.32,3,2,False,False
221,frame_0324.jpg,129.6,0.3519,0.5218,0.25,0.08,8,2,False,False
222,frame_0118.jpg,47.2,0.3502,0.3744,0.25,0.44,9,2,False,False
223,frame_0394.jpg,157.6,0.3497,0.4423,0.375,0.08,7,3,False,False
224,frame_0216.jpg,86.4,0.3481,0.4452,0.125,0.44,4,1,False,False
225,frame_0271.jpg,108.4,0.3476,0.6043,0.125,0.04,3,1,False,False
226,frame_0091.jpg,36.4,0.3452,0.4124,0.25,0.32,5,2,False,False
227,frame_0024.jpg,9.6,0.3373,0.2745,0.0,1.0,5,0,False,False
228,frame_0314.jpg,125.6,0.3362,0.4904,0.25,0.08,7,2,False,False
229,frame_0112.jpg,44.8,0.3354,0.5158,0.125,0.2,5,1,False,False
230,frame_0198.jpg,79.2,0.3351,0.4191,0.125,0.44,3,1,False,False
231,frame_0111.jpg,44.4,0.3322,0.4504,0.25,0.16,5,2,False,False
232,frame_0269.jpg,107.6,0.3318,0.4977,0.25,0.04,10,2,False,False
233,frame_0289.jpg,115.6,0.3295,0.355,0.0,0.76,8,0,False,False
234,frame_0213.jpg,85.2,0.3277,0.2815,0.25,0.56,4,2,False,False
235,frame_0197.jpg,78.8,0.3265,0.418,0.125,0.4,1,1,False,False
236,frame_0025.jpg,10.0,0.3236,0.2473,0.0,1.0,4,0,False,False
237,frame_0100.jpg,40.0,0.3233,0.4806,0.25,0.04,6,2,False,False
238,frame_0211.jpg,84.4,0.3197,0.3085,0.125,0.64,3,1,False,False
239,frame_0207.jpg,82.8,0.3196,0.2442,0.125,0.8,4,1,False,False
240,frame_0226.jpg,90.4,0.3094,0.4528,0.25,0.04,5,2,False,False
241,frame_0228.jpg,91.2,0.3065,0.4469,0.25,0.04,7,2,False,False
242,frame_0381.jpg,152.4,0.305,0.5191,0.125,0.04,8,1,False,False
243,frame_0104.jpg,41.6,0.3026,0.4072,0.25,0.12,5,2,False,False
244,frame_0200.jpg,80.0,0.2941,0.3052,0.125,0.52,2,1,False,False
245,frame_0190.jpg,76.0,0.2922,0.3864,0.25,0.12,4,2,False,False
246,frame_0093.jpg,37.2,0.2793,0.3876,0.125,0.24,7,1,False,False
247,frame_0092.jpg,36.8,0.2703,0.3536,0.125,0.28,8,1,False,False
248,frame_0393.jpg,157.2,0.2674,0.3688,0.25,0.04,5,2,False,False
249,frame_0189.jpg,75.6,0.2655,0.499,0.0,0.08,5,0,False,False
250,frame_0102.jpg,40.8,0.2636,0.4042,0.125,0.12,7,1,False,False
251,frame_0194.jpg,77.6,0.2571,0.3271,0.125,0.28,5,1,False,False
252,frame_0272.jpg,108.8,0.2487,0.3153,0.25,0.08,7,2,False,False
253,frame_0199.jpg,79.6,0.2485,0.2301,0.125,0.48,2,1,False,False
254,frame_0313.jpg,125.2,0.2386,0.3862,0.125,0.04,4,1,False,False
255,frame_0119.jpg,47.6,0.2353,0.2785,0.0,0.48,7,0,False,False
256,frame_0224.jpg,89.6,0.2166,0.3852,0.0,0.12,6,0,False,False
